{
  "Login API Request" : {
    "transaction" : "Login API Request",
    "sampleCount" : 281,
    "errorCount" : 0,
    "errorPct" : 0.0,
    "meanResTime" : 1003.0782918149467,
    "medianResTime" : 962.0,
    "minResTime" : 514.0,
    "maxResTime" : 1875.0,
    "pct1ResTime" : 1291.0,
    "pct2ResTime" : 1412.3999999999996,
    "pct3ResTime" : 1857.98,
    "throughput" : 9.157867292399947,
    "receivedKBytesPerSec" : 6.957832767077304,
    "sentKBytesPerSec" : 2.2536939039890496
  },
  "Total" : {
    "transaction" : "Total",
    "sampleCount" : 281,
    "errorCount" : 0,
    "errorPct" : 0.0,
    "meanResTime" : 1003.0782918149467,
    "medianResTime" : 962.0,
    "minResTime" : 514.0,
    "maxResTime" : 1875.0,
    "pct1ResTime" : 1291.0,
    "pct2ResTime" : 1412.3999999999996,
    "pct3ResTime" : 1857.98,
    "throughput" : 9.157867292399947,
    "receivedKBytesPerSec" : 6.957832767077304,
    "sentKBytesPerSec" : 2.2536939039890496
  }
}